section,name
"See our top 3D Modeling Experts","Sayduck"
"See our top 3D Modeling Experts","CGTrader"
"See our top 3D Modeling Experts","Sketchfab"
"See our top Setup Experts","Q-Biz | eCommerce Agency"
"See our top Setup Experts","Xtheta Management & Merchandising"
"See our top Setup Experts","webexpert"
"See our top Setup Experts","buero huegel"
"See our top Setup Experts","Piernet"
"See our top Setup Experts","Eshop Guide"
"See our top Setup Experts","ZAGO Sweden"
"See our top Setup Experts","Ludovic Mariault"
"See our top Setup Experts","Creative971"
"See our top Designers","ZAGO Sweden"
"See our top Designers","Blue Horizons"
"See our top Designers","Liquify Web Design"
"See our top Designers","eBIZBIZ"
"See our top Designers","Eastside Co"
"See our top Designers","Noah"
"See our top Designers","Ask Phill"
"See our top Designers","CODE Internet Applications"
